{
    "name": "root",
    "gauges": {
        "DinoBehavior.Policy.Entropy.mean": {
            "value": 0.03246621787548065,
            "min": 0.016641121357679367,
            "max": 0.042135391384363174,
            "count": 23
        },
        "DinoBehavior.Policy.Entropy.sum": {
            "value": 325.181640625,
            "min": 170.77035522460938,
            "max": 420.67974853515625,
            "count": 23
        },
        "DinoBehavior.Step.mean": {
            "value": 229950.0,
            "min": 9992.0,
            "max": 229950.0,
            "count": 23
        },
        "DinoBehavior.Step.sum": {
            "value": 229950.0,
            "min": 9992.0,
            "max": 229950.0,
            "count": 23
        },
        "DinoBehavior.Policy.ExtrinsicValueEstimate.mean": {
            "value": -4.040393352508545,
            "min": -5.390217304229736,
            "max": -3.380725860595703,
            "count": 23
        },
        "DinoBehavior.Policy.ExtrinsicValueEstimate.sum": {
            "value": -747.4727783203125,
            "min": -1061.872802734375,
            "max": -616.3025512695312,
            "count": 23
        },
        "DinoBehavior.Environment.EpisodeLength.mean": {
            "value": 145.453125,
            "min": 97.61458333333333,
            "max": 212.11111111111111,
            "count": 23
        },
        "DinoBehavior.Environment.EpisodeLength.sum": {
            "value": 9309.0,
            "min": 8296.0,
            "max": 11475.0,
            "count": 23
        },
        "DinoBehavior.Environment.CumulativeReward.mean": {
            "value": -8.855384703324392,
            "min": -9.262500162546834,
            "max": -8.534782712550268,
            "count": 23
        },
        "DinoBehavior.Environment.CumulativeReward.sum": {
            "value": -575.6000057160854,
            "min": -916.2000182569027,
            "max": -392.6000047773123,
            "count": 23
        },
        "DinoBehavior.Policy.ExtrinsicReward.mean": {
            "value": -8.855384703324392,
            "min": -9.262500162546834,
            "max": -8.534782712550268,
            "count": 23
        },
        "DinoBehavior.Policy.ExtrinsicReward.sum": {
            "value": -575.6000057160854,
            "min": -916.2000182569027,
            "max": -392.6000047773123,
            "count": 23
        },
        "DinoBehavior.Losses.PolicyLoss.mean": {
            "value": 0.06458544263926644,
            "min": 0.06275761620844623,
            "max": 0.08056807883161429,
            "count": 23
        },
        "DinoBehavior.Losses.PolicyLoss.sum": {
            "value": 0.3229272131963322,
            "min": 0.2601088367324943,
            "max": 0.4028403941580715,
            "count": 23
        },
        "DinoBehavior.Losses.ValueLoss.mean": {
            "value": 1.8094125352799892,
            "min": 1.305632737930864,
            "max": 2.2623206715008206,
            "count": 23
        },
        "DinoBehavior.Losses.ValueLoss.sum": {
            "value": 9.047062676399946,
            "min": 5.222530951723456,
            "max": 11.311603357504103,
            "count": 23
        },
        "DinoBehavior.Policy.LearningRate.mean": {
            "value": 0.0011012240449388001,
            "min": 0.0011012240449388001,
            "max": 0.00197863500106825,
            "count": 23
        },
        "DinoBehavior.Policy.LearningRate.sum": {
            "value": 0.005506120224694001,
            "min": 0.0047220721638964,
            "max": 0.0097023840148808,
            "count": 23
        },
        "DinoBehavior.Policy.Epsilon.mean": {
            "value": 0.15506120000000004,
            "min": 0.15506120000000004,
            "max": 0.19893174999999996,
            "count": 23
        },
        "DinoBehavior.Policy.Epsilon.sum": {
            "value": 0.7753060000000002,
            "min": 0.6361036,
            "max": 0.9851192000000001,
            "count": 23
        },
        "DinoBehavior.Policy.Beta.mean": {
            "value": 0.00551061388,
            "min": 0.00551061388,
            "max": 0.009893281825,
            "count": 23
        },
        "DinoBehavior.Policy.Beta.sum": {
            "value": 0.0275530694,
            "min": 0.02362674964,
            "max": 0.04851340808,
            "count": 23
        },
        "DinoBehavior.IsTraining.mean": {
            "value": 1.0,
            "min": 1.0,
            "max": 1.0,
            "count": 23
        },
        "DinoBehavior.IsTraining.sum": {
            "value": 1.0,
            "min": 1.0,
            "max": 1.0,
            "count": 23
        }
    },
    "metadata": {
        "timer_format_version": "0.1.0",
        "start_time_seconds": "1701286210",
        "python_version": "3.7.16 (default, Jan 17 2023, 16:06:28) [MSC v.1916 64 bit (AMD64)]",
        "command_line_arguments": "C:\\Users\\ASUS\\miniconda3\\envs\\unity\\Scripts\\mlagents-learn dino_config.yaml --initialize-from Run9 --run-id=Run11",
        "mlagents_version": "0.28.0",
        "mlagents_envs_version": "0.28.0",
        "communication_protocol_version": "1.5.0",
        "pytorch_version": "1.7.1+cu110",
        "numpy_version": "1.21.6",
        "end_time_seconds": "1701286577"
    },
    "total": 366.76718309999995,
    "count": 1,
    "self": 0.008059899999921072,
    "children": {
        "run_training.setup": {
            "total": 0.10495730000000014,
            "count": 1,
            "self": 0.10495730000000014
        },
        "TrainerController.start_learning": {
            "total": 366.6541659,
            "count": 1,
            "self": 0.8433570999968083,
            "children": {
                "TrainerController._reset_env": {
                    "total": 9.6014011,
                    "count": 1,
                    "self": 9.6014011
                },
                "TrainerController.advance": {
                    "total": 356.12159760000327,
                    "count": 30936,
                    "self": 0.40905440000250337,
                    "children": {
                        "env_step": {
                            "total": 355.71254320000077,
                            "count": 30936,
                            "self": 222.88167920000592,
                            "children": {
                                "SubprocessEnvManager._take_step": {
                                    "total": 132.40961179999692,
                                    "count": 30936,
                                    "self": 2.436136899996086,
                                    "children": {
                                        "TorchPolicy.evaluate": {
                                            "total": 129.97347490000084,
                                            "count": 29971,
                                            "self": 50.09132360000005,
                                            "children": {
                                                "TorchPolicy.sample_actions": {
                                                    "total": 79.88215130000079,
                                                    "count": 29971,
                                                    "self": 79.88215130000079
                                                }
                                            }
                                        }
                                    }
                                },
                                "workers": {
                                    "total": 0.42125219999792485,
                                    "count": 30935,
                                    "self": 0.0,
                                    "children": {
                                        "worker_root": {
                                            "total": 344.314776600003,
                                            "count": 30935,