{
    "name": "root",
    "gauges": {
        "DinoBehavior.Policy.Entropy.mean": {
            "value": 0.04312990978360176,
            "min": 0.03710738196969032,
            "max": 0.052185866981744766,
            "count": 12
        },
        "DinoBehavior.Policy.Entropy.sum": {
            "value": 427.2449035644531,
            "min": 369.8863830566406,
            "max": 528.9559326171875,
            "count": 12
        },
        "DinoBehavior.Step.mean": {
            "value": 619960.0,
            "min": 509957.0,
            "max": 619960.0,
            "count": 12
        },
        "DinoBehavior.Step.sum": {
            "value": 619960.0,
            "min": 509957.0,
            "max": 619960.0,
            "count": 12
        },
        "DinoBehavior.Policy.ExtrinsicValueEstimate.mean": {
            "value": -0.20456531643867493,
            "min": -0.29817792773246765,
            "max": -0.19343793392181396,
            "count": 12
        },
        "DinoBehavior.Policy.ExtrinsicValueEstimate.sum": {
            "value": -36.617191314697266,
            "min": -53.672027587890625,
            "max": -34.625389099121094,
            "count": 12
        },
        "DinoBehavior.Environment.EpisodeLength.mean": {
            "value": 224.2391304347826,
            "min": 189.68627450980392,
            "max": 297.5405405405405,
            "count": 12
        },
        "DinoBehavior.Environment.EpisodeLength.sum": {
            "value": 10315.0,
            "min": 7985.0,
            "max": 11009.0,
            "count": 12
        },
        "DinoBehavior.Environment.CumulativeReward.mean": {
            "value": -0.582608690728312,
            "min": -0.7000000025880965,
            "max": -0.3529411712113549,
            "count": 12
        },
        "DinoBehavior.Environment.CumulativeReward.sum": {
            "value": -26.79999977350235,
            "min": -33.59999991953373,
            "max": -11.999999821186066,
            "count": 12
        },
        "DinoBehavior.Policy.ExtrinsicReward.mean": {
            "value": -0.582608690728312,
            "min": -0.7000000025880965,
            "max": -0.3529411712113549,
            "count": 12
        },
        "DinoBehavior.Policy.ExtrinsicReward.sum": {
            "value": -26.79999977350235,
            "min": -33.59999991953373,
            "max": -11.999999821186066,
            "count": 12
        },
        "DinoBehavior.Losses.PolicyLoss.mean": {
            "value": 0.06831130420711512,
            "min": 0.06429749278565093,
            "max": 0.07620705919107422,
            "count": 12
        },
        "DinoBehavior.Losses.PolicyLoss.sum": {
            "value": 0.3415565210355756,
            "min": 0.2571899711426037,
            "max": 0.3810352959553711,
            "count": 12
        },
        "DinoBehavior.Losses.ValueLoss.mean": {
            "value": 0.023546019359491764,
            "min": 0.017928814957849683,
            "max": 0.024147545880017184,
            "count": 12
        },
        "DinoBehavior.Losses.ValueLoss.sum": {
            "value": 0.11773009679745883,
            "min": 0.08033411614208792,
            "max": 0.12073772940008591,
            "count": 12
        },
        "DinoBehavior.Policy.LearningRate.mean": {
            "value": 0.0011546760615107998,
            "min": 0.0011546760615107998,
            "max": 0.001482891800570275,
            "count": 12
        },
        "DinoBehavior.Policy.LearningRate.sum": {
            "value": 0.0057733803075539995,
            "min": 0.0049819622339345995,
            "max": 0.007274067257531101,
            "count": 12
        },
        "DinoBehavior.Policy.Epsilon.mean": {
            "value": 0.1577338,
            "min": 0.1577338,
            "max": 0.1741445875,
            "count": 12
        },
        "DinoBehavior.Policy.Epsilon.sum": {
            "value": 0.7886690000000001,
            "min": 0.6490981,
            "max": 0.86370335,
            "count": 12
        },
        "DinoBehavior.Policy.Beta.mean": {
            "value": 0.00385507108,
            "min": 0.00385507108,
            "max": 0.004948029527500001,
            "count": 12
        },
        "DinoBehavior.Policy.Beta.sum": {
            "value": 0.0192753554,
            "min": 0.016629933459999996,
            "max": 0.02427264311,
            "count": 12
        },
        "DinoBehavior.IsTraining.mean": {
            "value": 1.0,
            "min": 1.0,
            "max": 1.0,
            "count": 12
        },
        "DinoBehavior.IsTraining.sum": {
            "value": 1.0,
            "min": 1.0,
            "max": 1.0,
            "count": 12
        }
    },
    "metadata": {
        "timer_format_version": "0.1.0",
        "start_time_seconds": "1701198721",
        "python_version": "3.7.16 (default, Jan 17 2023, 16:06:28) [MSC v.1916 64 bit (AMD64)]",
        "command_line_arguments": "C:\\Users\\ASUS\\miniconda3\\envs\\unity\\Scripts\\mlagents-learn dino_config.yaml --run-id=Run4 --resume",
        "mlagents_version": "0.28.0",
        "mlagents_envs_version": "0.28.0",
        "communication_protocol_version": "1.5.0",
        "pytorch_version": "1.7.1+cu110",
        "numpy_version": "1.21.6",
        "end_time_seconds": "1701198940"
    },
    "total": 219.03371850000002,
    "count": 1,
    "self": 0.006491500000038286,
    "children": {
        "run_training.setup": {
            "total": 0.12662170000000006,
            "count": 1,
            "self": 0.12662170000000006
        },
        "TrainerController.start_learning": {
            "total": 218.9006053,
            "count": 1,
            "self": 0.6327978999997868,
            "children": {
                "TrainerController._reset_env": {
                    "total": 8.0888469,
                    "count": 1,
                    "self": 8.0888469
                },
                "TrainerController.advance": {
                    "total": 210.10150630000018,
                    "count": 24114,
                    "self": 0.2963310000002082,
                    "children": {
                        "env_step": {
                            "total": 209.80517529999997,
                            "count": 24114,
                            "self": 110.65387350000083,
                            "children": {
                                "SubprocessEnvManager._take_step": {
                                    "total": 98.8158035999993,
                                    "count": 24114,
                                    "self": 1.9731619999992063,
                                    "children": {
                                        "TorchPolicy.evaluate": {
                                            "total": 96.84264160000009,
                                            "count": 24114,
                                            "self": 38.94933679999832,
                                            "children": {
                                                "TorchPolicy.sample_actions": {
                                                    "total": 57.89330480000177,
                                                    "count": 24114,
                                                    "self": 57.89330480000177
                                                }
                                            }
                                        }
                                    }
                                },
                                "workers": {
                                    "total": 0.33549819999985075,
                                    "count": 24113,
                                    "self": 0.0,
                                    "children": {
                                        "worker_root": {
                                            "total": 208.10966319999926,
                                            "count": 24113,