{
    "name": "root",
    "gauges": {
        "DinoBehavior.Policy.Entropy.mean": {
            "value": 0.05607851967215538,
            "min": 0.032565418630838394,
            "max": 0.6632910370826721,
            "count": 50
        },
        "DinoBehavior.Policy.Entropy.sum": {
            "value": 539.7557373046875,
            "min": 323.342041015625,
            "max": 6691.2802734375,
            "count": 50
        },
        "DinoBehavior.Environment.EpisodeLength.mean": {
            "value": 224.35555555555555,
            "min": 16.438260869565216,
            "max": 238.0,
            "count": 50
        },
        "DinoBehavior.Environment.EpisodeLength.sum": {
            "value": 10096.0,
            "min": 7973.0,
            "max": 11570.0,
            "count": 50
        },
        "DinoBehavior.Step.mean": {
            "value": 499963.0,
            "min": 9994.0,
            "max": 499963.0,
            "count": 50
        },
        "DinoBehavior.Step.sum": {
            "value": 499963.0,
            "min": 9994.0,
            "max": 499963.0,
            "count": 50
        },
        "DinoBehavior.Policy.ExtrinsicValueEstimate.mean": {
            "value": -0.16481620073318481,
            "min": -0.7563202381134033,
            "max": -0.14119112491607666,
            "count": 50
        },
        "DinoBehavior.Policy.ExtrinsicValueEstimate.sum": {
            "value": -29.337284088134766,
            "min": -320.3917541503906,
            "max": -25.41440200805664,
            "count": 50
        },
        "DinoBehavior.Environment.CumulativeReward.mean": {
            "value": -0.4666666610373391,
            "min": -0.9059360752639161,
            "max": -0.2615384551194998,
            "count": 50
        },
        "DinoBehavior.Environment.CumulativeReward.sum": {
            "value": -20.99999974668026,
            "min": -496.200002387166,
            "max": -13.59999966621399,
            "count": 50
        },
        "DinoBehavior.Policy.ExtrinsicReward.mean": {
            "value": -0.4666666610373391,
            "min": -0.9059360752639161,
            "max": -0.2615384551194998,
            "count": 50
        },
        "DinoBehavior.Policy.ExtrinsicReward.sum": {
            "value": -20.99999974668026,
            "min": -496.200002387166,
            "max": -13.59999966621399,
            "count": 50
        },
        "DinoBehavior.Losses.PolicyLoss.mean": {
            "value": 0.06031917156360578,
            "min": 0.06031917156360578,
            "max": 0.07760166764104118,
            "count": 50
        },
        "DinoBehavior.Losses.PolicyLoss.sum": {
            "value": 0.2412766862544231,
            "min": 0.2412766862544231,
            "max": 0.38800833820520586,
            "count": 50
        },
        "DinoBehavior.Losses.ValueLoss.mean": {
            "value": 0.02602359518156542,
            "min": 0.013833317486569286,
            "max": 0.05376639697351493,
            "count": 50
        },
        "DinoBehavior.Losses.ValueLoss.sum": {
            "value": 0.10409438072626168,
            "min": 0.06916658743284643,
            "max": 0.21506558789405972,
            "count": 50
        },
        "DinoBehavior.Policy.LearningRate.mean": {
            "value": 2.9751099008300026e-05,
            "min": 2.9751099008300026e-05,
            "max": 0.0029689440010352,
            "count": 50
        },
        "DinoBehavior.Policy.LearningRate.sum": {
            "value": 0.0001190043960332001,
            "min": 0.0001190043960332001,
            "max": 0.01456440001452,
            "count": 50
        },
        "DinoBehavior.Policy.Epsilon.mean": {
            "value": 0.10148755000000001,
            "min": 0.10148755000000001,
            "max": 0.24844719999999998,
            "count": 50
        },
        "DinoBehavior.Policy.Epsilon.sum": {
            "value": 0.40595020000000004,
            "min": 0.40595020000000004,
            "max": 1.2282199999999999,
            "count": 50
        },
        "DinoBehavior.Policy.Beta.mean": {
            "value": 0.00010907083000000011,
            "min": 0.00010907083000000011,
            "max": 0.009896583520000002,
            "count": 50
        },
        "DinoBehavior.Policy.Beta.sum": {
            "value": 0.00043628332000000044,
            "min": 0.00043628332000000044,
            "max": 0.048549452,
            "count": 50
        },
        "DinoBehavior.IsTraining.mean": {
            "value": 1.0,
            "min": 1.0,
            "max": 1.0,
            "count": 50
        },
        "DinoBehavior.IsTraining.sum": {
            "value": 1.0,
            "min": 1.0,
            "max": 1.0,
            "count": 50
        }
    },
    "metadata": {
        "timer_format_version": "0.1.0",
        "start_time_seconds": "1701204775",
        "python_version": "3.7.16 (default, Jan 17 2023, 16:06:28) [MSC v.1916 64 bit (AMD64)]",
        "command_line_arguments": "C:\\Users\\ASUS\\miniconda3\\envs\\unity\\Scripts\\mlagents-learn dino_config.yaml --run-id=Run8",
        "mlagents_version": "0.28.0",
        "mlagents_envs_version": "0.28.0",
        "communication_protocol_version": "1.5.0",
        "pytorch_version": "1.7.1+cu110",
        "numpy_version": "1.21.6",
        "end_time_seconds": "1701205781"
    },
    "total": 1006.3343197999999,
    "count": 1,
    "self": 0.009377599999879749,
    "children": {
        "run_training.setup": {
            "total": 0.10042939999999989,
            "count": 1,
            "self": 0.10042939999999989
        },
        "TrainerController.start_learning": {
            "total": 1006.2245128,
            "count": 1,
            "self": 2.9596992999912572,
            "children": {
                "TrainerController._reset_env": {
                    "total": 9.1082573,
                    "count": 1,
                    "self": 9.1082573
                },
                "TrainerController.advance": {
                    "total": 994.1051409000087,
                    "count": 122383,
                    "self": 1.5136719000106496,
                    "children": {
                        "env_step": {
                            "total": 992.591468999998,
                            "count": 122383,
                            "self": 520.587226399985,
                            "children": {
                                "SubprocessEnvManager._take_step": {
                                    "total": 470.4310179999902,
                                    "count": 122383,
                                    "self": 9.075802500017517,
                                    "children": {
                                        "TorchPolicy.evaluate": {
                                            "total": 461.3552154999727,
                                            "count": 121875,
                                            "self": 194.65389599997286,
                                            "children": {
                                                "TorchPolicy.sample_actions": {
                                                    "total": 266.70131949999984,
                                                    "count": 121875,
                                                    "self": 266.70131949999984
                                                }
                                            }
                                        }
                                    }
                                },
                                "workers": {
                                    "total": 1.5732246000228738,
                                    "count": 122383,
                                    "self": 0.0,
                                    "children": {
                                        "worker_root": {
                                            "total": 995.2377767999963,
                                            "count": 122383,